{
  "trained_at": "2026-05-13T10:33:37.543102",
  "accuracy": 0.13333333333333333,
  "n_classes": 5,
  "rule_weights": [
    0.94,
    1.0,
    1.0,
    1.0,
    1.0,
    1.0,
    1.66,
    1.0,
    1.0,
    1.0,
    1.07,
    1.0,
    1.0
  ],
  "parameters": {
    "LEVEL_LOW": [
      0,
      5,
      32
    ],
    "LEVEL_MED": [
      0,
      2,
      10
    ],
    "LEVEL_HIGH": [
      0,
      2,
      255
    ],
    "RATIO_LOW": [
      0.0,
      0.04,
      0.33
    ],
    "RATIO_MED": [
      0.0,
      0.0,
      0.23
    ],
    "RATIO_HIGH": [
      0.0,
      0.43,
      1.0
    ],
    "GAPS_FEW": [
      0,
      1,
      14
    ],
    "GAPS_SOME": [
      0,
      1,
      9
    ],
    "GAPS_MANY": [
      0,
      0,
      25
    ],
    "CURV_LOW": [
      0,
      6,
      14
    ],
    "CURV_MED": [
      0,
      6,
      14
    ],
    "CURV_HIGH": [
      0,
      6,
      50
    ],
    "SRV_LOW": [
      0,
      0.55,
      3.08
    ],
    "SRV_MED": [
      0,
      0.08,
      0.3
    ],
    "SRV_HIGH": [
      0,
      0.06,
      5.0
    ],
    "PDE_LOW": [
      0,
      0.14,
      0.95
    ],
    "PDE_MED": [
      0,
      0.07,
      0.45
    ],
    "PDE_HIGH": [
      0,
      0.03,
      2.0
    ],
    "DRIFT_NEG": [
      -2.0,
      -0.01,
      0.06
    ],
    "DRIFT_ZERO": [
      -0.1,
      -0.0,
      0.1
    ],
    "DRIFT_POS": [
      -0.08,
      0.01,
      2.0
    ],
    "LATENCY_LOW": [
      0,
      2214,
      3180
    ],
    "LATENCY_MED": [
      0,
      1854,
      3080
    ],
    "LATENCY_HIGH": [
      0,
      2014,
      4500
    ]
  }
}